{"cameraMode":{"drawMode":0,"name":"Shaded","section":"Shading Mode"},"sceneLighting":true,"audioPlay":false,"sceneViewState":{"showFog":true,"showMaterialUpdate":false,"showSkybox":true,"showFlares":true,"showImageEffects":true,"showParticleSystems":true},"in2DMode":false,"pivot":{"x":17.0126953125,"y":3.373046875,"z":25.1796875},"rotation":{"x":-0.34942948818206789,"y":-0.014332927763462067,"z":0.005328364670276642,"w":-0.9368566274642944},"size":26.558334350585939,"orthographic":true}